/*
SQLyog Ultimate v12.09 (64 bit)
MySQL - 5.7.17-log : Database - ego
*********************************************************************
*/

/*!40101 SET NAMES utf8 */;

/*!40101 SET SQL_MODE=''*/;

/*!40014 SET @OLD_UNIQUE_CHECKS=@@UNIQUE_CHECKS, UNIQUE_CHECKS=0 */;
/*!40014 SET @OLD_FOREIGN_KEY_CHECKS=@@FOREIGN_KEY_CHECKS, FOREIGN_KEY_CHECKS=0 */;
/*!40101 SET @OLD_SQL_MODE=@@SQL_MODE, SQL_MODE='NO_AUTO_VALUE_ON_ZERO' */;
/*!40111 SET @OLD_SQL_NOTES=@@SQL_NOTES, SQL_NOTES=0 */;
CREATE DATABASE /*!32312 IF NOT EXISTS*/`ego` /*!40100 DEFAULT CHARACTER SET utf8 */;

USE `ego`;

/*Table structure for table `ego_aspect` */

DROP TABLE IF EXISTS `ego_aspect`;

CREATE TABLE `ego_aspect` (
  `aspectid` int(11) NOT NULL AUTO_INCREMENT,
  `name` varchar(32) DEFAULT NULL,
  PRIMARY KEY (`aspectid`)
) ENGINE=InnoDB AUTO_INCREMENT=6 DEFAULT CHARSET=utf8;

/*Data for the table `ego_aspect` */

insert  into `ego_aspect`(`aspectid`,`name`) values (1,'jianshenfuzhuang'),(2,'jianshenhuju'),(3,'jianshenqicai'),(4,'jianshenshipin'),(5,'yundongxie');

/*Table structure for table `ego_family` */

DROP TABLE IF EXISTS `ego_family`;

CREATE TABLE `ego_family` (
  `fid` int(11) NOT NULL AUTO_INCREMENT,
  `aspectid` int(11) DEFAULT NULL,
  `title` varchar(255) DEFAULT NULL,
  `subtitle` varchar(255) DEFAULT NULL,
  `sold_count` varchar(255) DEFAULT NULL,
  `detail_text` varchar(1024) DEFAULT NULL,
  `product_pic` varchar(1024) DEFAULT NULL,
  `detail_pic` varchar(1024) DEFAULT NULL,
  PRIMARY KEY (`fid`),
  KEY `aspectid` (`aspectid`),
  CONSTRAINT `ego_family_ibfk_1` FOREIGN KEY (`aspectid`) REFERENCES `ego_aspect` (`aspectid`)
) ENGINE=InnoDB AUTO_INCREMENT=41 DEFAULT CHARSET=utf8;

/*Data for the table `ego_family` */

insert  into `ego_family`(`fid`,`aspectid`,`title`,`subtitle`,`sold_count`,`detail_text`,`product_pic`,`detail_pic`) values (1,1,'秋冬运动长袖镂空修身瑜伽上衣速干弹力修身舞蹈上衣套指衣服装备','限前10000名29.6,卖完恢复原价39.6','141人付款','品牌:冠美劲采,功能:吸湿排汗速干透气,材质:涤纶,尺码:SL,颜色分类:红色黑色紫色粉色褐色,吊牌价:100,款号:CX438,上市时间:2019年夏季,袖长:长袖,衣长:及腰,服装版型:紧身,性别:女,运动户外项目:瑜伽舞蹈,是否商场同款:否','/pic/jianshenfuzhuang/A/product_pic/1.jpg,/pic/jianshenfuzhuang/A/product_pic/2.jpg,/pic/jianshenfuzhuang/A/product_pic/3.jpg','/pic/jianshenfuzhuang/A/detail_pic/1.jpg,/pic/jianshenfuzhuang/A/detail_pic/2.jpg,/pic/jianshenfuzhuang/A/detail_pic/3.jpg,/pic/jianshenfuzhuang/A/detail_pic/4.jpg,/pic/jianshenfuzhuang/A/detail_pic/5.jpg,/pic/jianshenfuzhuang/A/detail_pic/6.jpg,/pic/jianshenfuzhuang/A/detail_pic/7.jpg,/pic/jianshenfuzhuang/A/detail_pic/8.jpg'),(2,1,'HOTSUIT瑜伽裤女弹力紧身裤高腰高弹提臀力健身裤跑步运动长裤','吸湿排汗高弹修身赠送运费险','127人付款','品牌:HOTSUIT,功能:吸湿排汗透气超强弹性,尺码:SM,腰型:高腰,颜色分类:紫色黑色白色青色,吊牌价:770,款号:6853007,上市时间:2018年秋季,性别:女运动,户外项目:瑜伽器械健身,裤长:长裤,款式:紧身裤,是否商场同款:是','/pic/jianshenfuzhuang/B/product_pic/1.jpg,/pic/jianshenfuzhuang/B/product_pic/2.jpg,/pic/jianshenfuzhuang/B/product_pic/3.jpg,/pic/jianshenfuzhuang/B/product_pic/4.jpg','/pic/jianshenfuzhuang/B/detail_pic/1.jpg,/pic/jianshenfuzhuang/B/detail_pic/2.jpg,/pic/jianshenfuzhuang/B/detail_pic/3.jpg,/pic/jianshenfuzhuang/B/detail_pic/4.jpg,/pic/jianshenfuzhuang/B/detail_pic/5.jpg,/pic/jianshenfuzhuang/B/detail_pic/6.jpg,/pic/jianshenfuzhuang/B/detail_pic/7.jpg'),(3,1,'UnderArmour安德玛UA女子运动训练内衣-高强度-1311821','修身剪裁有助于长时舒适弹性拉伸','87人付款','品牌:UnderArmour/安德玛,功能:透气,尺码:32A34D38A38D,颜色分类:黑色,吊牌价:449,款号:1311821,上市时间:2018年春季,袖长:无袖,衣长:及胸,服装版型:紧身,性别:女运动,户外项目:瑜伽舞蹈器械健身,是否商场同款:是','/pic/jianshenfuzhuang/C/product_pic/1.jpg,/pic/jianshenfuzhuang/C/product_pic/2.jpg,/pic/jianshenfuzhuang/C/product_pic/3.jpg,/pic/jianshenfuzhuang/C/product_pic/4.jpg,/pic/jianshenfuzhuang/C/product_pic/5.jpg','/pic/jianshenfuzhuang/C/detail_pic/1.jpg,/pic/jianshenfuzhuang/C/detail_pic/2.jpg,/pic/jianshenfuzhuang/C/detail_pic/3.jpg,/pic/jianshenfuzhuang/C/detail_pic/4.jpg,/pic/jianshenfuzhuang/C/detail_pic/5.jpg,/pic/jianshenfuzhuang/C/detail_pic/6.jpg,/pic/jianshenfuzhuang/C/detail_pic/7.jpg,/pic/jianshenfuzhuang/C/detail_pic/8.jpg,/pic/jianshenfuzhuang/C/detail_pic/9.jpg'),(4,1,'BD健美站速干健身运动夏季圆领时尚无袖背心吸湿排汗透气修身背心','全场正品达人推荐无忧退换','19人付款','品牌:BODYDREAM,材质:涤纶,尺码:ML,图案:其他,适用性别:男,颜色分类:黑色,上市年份季节:2018年夏季,款式:其他/other','/pic/jianshenfuzhuang/D/product_pic/1.jpg,/pic/jianshenfuzhuang/D/product_pic/2.jpg,/pic/jianshenfuzhuang/D/product_pic/3.jpg,/pic/jianshenfuzhuang/D/product_pic/4.jpg','/pic/jianshenfuzhuang/D/detail_pic/1.jpg,/pic/jianshenfuzhuang/D/detail_pic/2.jpg,/pic/jianshenfuzhuang/D/detail_pic/3.jpg,/pic/jianshenfuzhuang/D/detail_pic/4.jpg,/pic/jianshenfuzhuang/D/detail_pic/5.jpg'),(5,1,'岚纹修身运动外套女高弹性速干瑜伽健身长袖显瘦拉链开衫跑步上衣','显瘦且舒适高弹性运动无阻','804人付款','上市时间:2018年春季,服装版型:常规,衣长:及腹,袖长:长袖,材质:氨纶,运动户外项目:瑜伽舞蹈器械健身,功能:吸湿排汗速干透气超强弹性,性别:女,颜色分类:粉色蓝色黑色,尺码:SLM','/pic/jianshenfuzhuang/E/product_pic/1.jpg,/pic/jianshenfuzhuang/E/product_pic/2.jpg,/pic/jianshenfuzhuang/E/product_pic/3.jpg,/pic/jianshenfuzhuang/E/product_pic/4.jpg,/pic/jianshenfuzhuang/E/product_pic/5.jpg','/pic/jianshenfuzhuang/E/detail_pic/1.jpg,/pic/jianshenfuzhuang/E/detail_pic/2.jpg,/pic/jianshenfuzhuang/E/detail_pic/3.jpg,/pic/jianshenfuzhuang/E/detail_pic/4.jpg,/pic/jianshenfuzhuang/E/detail_pic/5.jpg,/pic/jianshenfuzhuang/E/detail_pic/6.jpg'),(6,1,'准者紧身衣加绒保暖弹性压缩长袖上衣篮球跑步健身房运动健身衣','加绒保暖弹性紧身','1.5万+人付款','品牌:RIGORER/准者,功能:超强弹性,尺码:ML,颜色分类:灰色黑色,吊牌价:119.00,款号:Z119410604,上市时间:2019年秋季,袖长:长袖,衣长:及臀,服装版型:紧身,性别:男女,通用运动户外项目:瑜伽舞蹈器械健身,是否商场同款:是','/pic/jianshenfuzhuang/F/product_pic/1.jpg,/pic/jianshenfuzhuang/F/product_pic/2.jpg,/pic/jianshenfuzhuang/F/product_pic/3.jpg,/pic/jianshenfuzhuang/F/product_pic/4.jpg','/pic/jianshenfuzhuang/F/detail_pic/1.jpg,/pic/jianshenfuzhuang/F/detail_pic/2.jpg,/pic/jianshenfuzhuang/F/detail_pic/3.jpg,/pic/jianshenfuzhuang/F/detail_pic/4.jpg,/pic/jianshenfuzhuang/F/detail_pic/5.jpg'),(7,1,'儿童紧身衣训练服篮球足球运动套装女童跑步瑜伽健身服打底速干衣','速干透气不起球不掉色','131人付款','品牌:xnun,功能:吸湿排汗速干透气超强弹性,材质:涤纶,尺码:ML,颜色分类:黑色,吊牌价:129,款号:2001,上市时间:2018年秋季,袖长:长袖,衣长:及臀,服装版型:紧身,性别:儿童,通用运动户外项目:器械健身','/pic/jianshenfuzhuang/G/product_pic/1.jpg,/pic/jianshenfuzhuang/G/product_pic/2.jpg,/pic/jianshenfuzhuang/G/product_pic/3.jpg,/pic/jianshenfuzhuang/G/product_pic/4.jpg','/pic/jianshenfuzhuang/G/detail_pic/1.jpg,/pic/jianshenfuzhuang/G/detail_pic/2.jpg,/pic/jianshenfuzhuang/G/detail_pic/3.jpg,/pic/jianshenfuzhuang/G/detail_pic/4.jpg,/pic/jianshenfuzhuang/G/detail_pic/5.jpg,/pic/jianshenfuzhuang/G/detail_pic/6.jpg'),(8,1,'肌肉长袖T恤男兄弟紧身衣套头连帽衫健身卫衣运动跑步外套训练服','速干透气不起球不掉色','2.0万+人付款','品牌:other/其他,尺码:ML,颜色分类:黑色灰色,吊牌价:98,款号:02,袖长:长袖,衣长:及臀,服装版型:宽松,性别:男','/pic/jianshenfuzhuang/H/product_pic/1.jpg,/pic/jianshenfuzhuang/H/product_pic/2.jpg,/pic/jianshenfuzhuang/H/product_pic/3.jpg,/pic/jianshenfuzhuang/H/product_pic/4.jpg,/pic/jianshenfuzhuang/H/product_pic/5.jpg','/pic/jianshenfuzhuang/H/detail_pic/1.jpg,/pic/jianshenfuzhuang/H/detail_pic/2.jpg,/pic/jianshenfuzhuang/H/detail_pic/3.jpg,/pic/jianshenfuzhuang/H/detail_pic/4.jpg,/pic/jianshenfuzhuang/H/detail_pic/5.jpg,/pic/jianshenfuzhuang/H/detail_pic/6.jpg'),(9,2,'维动专业牛皮健身束腰护腰带深蹲硬拉男女运动负力量举重训练收腹','','492人付款','产品参数：,品牌:VEIDOORN/维动,尺码:M码（收腹后腰围60cm-80CM）L码（收腹后腰围80CM-95CM）,颜色分类:普通加压款黑色黑色牛皮加压10.5CM款护腰带,护具种类:护腰带,上市时间:2018年夏季,货号:举重护腰,运动户外项目:羽毛球乒乓球网球足球篮球台球棒球高尔夫壁球保龄球自行车轮滑瑜伽舞蹈橄榄球F1赛车排球器械健身武术冰上健身其他,是否商场同款:是','/pic/jianshenhuju/A/product_pic/1.jpg,/pic/jianshenhuju/A/product_pic/2.jpg,/pic/jianshenhuju/A/product_pic/3.jpg,/pic/jianshenhuju/A/product_pic/4.jpg,/pic/jianshenhuju/A/product_pic/5.jpg','/pic/jianshenhuju/A/detail_pic/1.jpg,/pic/jianshenhuju/A/detail_pic/2.jpg,/pic/jianshenhuju/A/detail_pic/3.jpg,/pic/jianshenhuju/A/detail_pic/4.jpg,/pic/jianshenhuju/A/detail_pic/5.jpg,/pic/jianshenhuju/A/detail_pic/6.jpg,/pic/jianshenhuju/A/detail_pic/7.jpg,/pic/jianshenhuju/A/detail_pic/8.jpg,/pic/jianshenhuju/A/detail_pic/9.jpg,/pic/jianshenhuju/A/detail_pic/10.jpg,/pic/jianshenhuju/A/detail_pic/11.jpg,/pic/jianshenhuju/A/detail_pic/12.jpg,/pic/jianshenhuju/A/detail_pic/13.jpg,/pic/jianshenhuju/A/detail_pic/14.jpg,/pic/jianshenhuju/A/detail_pic/15.jpg,/pic/jianshenhuju/A/detail_pic/16.jpg'),(10,2,'专业运动护膝盖关节男女健身篮球装备护套护漆跑步薄款半月板保暖','硅胶防滑.高弹透气贴合舒适','2.0万+人付款','产品参数：,品牌:VEIDOORN/维动,尺码:M：（膝盖围31-35cm）（适合体重70-115斤）L：（膝盖围36-40cm）（适合体重115-145斤）,颜色分类:黑色一只（4面针织,防滑）蓝色一只（4面针织,防滑）,护具种类:护膝,上市时间:2017年秋季,货号:718弹力护膝,运动户外项目:羽毛球乒乓球网球足球篮球台球棒球高尔夫壁球保龄球自行车轮滑瑜伽舞蹈橄榄球F1赛车排球器械健身武术冰上健身其他,是否商场同款:是','/pic/jianshenhuju/B/product_pic/1.jpg,/pic/jianshenhuju/B/product_pic/2.jpg,/pic/jianshenhuju/B/product_pic/3.jpg,/pic/jianshenhuju/B/product_pic/4.jpg,/pic/jianshenhuju/B/product_pic/5.jpg','/pic/jianshenhuju/B/detail_pic/1.jpg,/pic/jianshenhuju/B/detail_pic/2.jpg,/pic/jianshenhuju/B/detail_pic/3.jpg,/pic/jianshenhuju/B/detail_pic/4.jpg,/pic/jianshenhuju/B/detail_pic/5.jpg,/pic/jianshenhuju/B/detail_pic/6.jpg,/pic/jianshenhuju/B/detail_pic/7.jpg,/pic/jianshenhuju/B/detail_pic/8.jpg,/pic/jianshenhuju/B/detail_pic/9.jpg,/pic/jianshenhuju/B/detail_pic/10.jpg,/pic/jianshenhuju/B/detail_pic/11.jpg,/pic/jianshenhuju/B/detail_pic/12.jpg,/pic/jianshenhuju/B/detail_pic/13.jpg,/pic/jianshenhuju/B/detail_pic/14.jpg,/pic/jianshenhuju/B/detail_pic/15.jpg,/pic/jianshenhuju/B/detail_pic/16.jpg,/pic/jianshenhuju/B/detail_pic/17.jpg'),(11,2,'维动健身房护手套男女哑铃器械单杠锻炼护腕训练半指运动引体向上','硅胶防滑,腕带加压,舒适透气','1.5万+人付款','产品参数：,品牌:VEIDOORN/维动,尺码:L手围20-21cm适合手特大女士手中等或偏大男士XL手围22-23cm适合手特大男士,颜色分类:升级爪痕防护腕带款（黑色）升级爪痕防护腕带款（绿色）,护具种类:护手掌,上市时间:2017年秋季,货号:维动运动手套,运动户外项目:羽毛球乒乓球网球足球篮球台球棒球高尔夫壁球保龄球自行车轮滑橄榄球F1赛车排球器械健身武术冰上健身其他,是否商场同款:是','/pic/jianshenhuju/C/product_pic/1.jpg,/pic/jianshenhuju/C/product_pic/2.jpg,/pic/jianshenhuju/C/product_pic/3.jpg,/pic/jianshenhuju/C/product_pic/4.jpg,/pic/jianshenhuju/C/product_pic/5.jpg','/pic/jianshenhuju/C/detail_pic/1.jpg,/pic/jianshenhuju/C/detail_pic/2.jpg,/pic/jianshenhuju/C/detail_pic/3.jpg,/pic/jianshenhuju/C/detail_pic/4.jpg,/pic/jianshenhuju/C/detail_pic/5.jpg,/pic/jianshenhuju/C/detail_pic/6.jpg,/pic/jianshenhuju/C/detail_pic/7.jpg,/pic/jianshenhuju/C/detail_pic/8.jpg,/pic/jianshenhuju/C/detail_pic/9.jpg,/pic/jianshenhuju/C/detail_pic/10.jpg,/pic/jianshenhuju/C/detail_pic/11.jpg,/pic/jianshenhuju/C/detail_pic/12.jpg,/pic/jianshenhuju/C/detail_pic/13.jpg,/pic/jianshenhuju/C/detail_pic/14.jpg,/pic/jianshenhuju/C/detail_pic/15.jpg,/pic/jianshenhuju/C/detail_pic/16.jpg'),(12,2,'护踝男脚腕固定康复扭伤防崴脚运动踝关节保护套篮球女护脚踝护具','一片式设计穿脱方便加压透气','558人付款','产品参数：,品牌:tmt,尺码:L【适合40-42】XL【适合42-45】,颜色分类:H70加强防护款【全新升级】H70升级加强防护款,护具种类:护脚踝,上市时间:2019年夏季,货号:H66-2,运动户外项目:羽毛球乒乓球网球足球篮球台球棒球高尔夫壁球保龄球自行车轮滑瑜伽舞蹈橄榄球F1赛车排球器械健身武术冰上健身其他','/pic/jianshenhuju/D/product_pic/1.jpg,/pic/jianshenhuju/D/product_pic/2.jpg,/pic/jianshenhuju/D/product_pic/3.jpg,/pic/jianshenhuju/D/product_pic/4.jpg,/pic/jianshenhuju/D/product_pic/5.jpg','/pic/jianshenhuju/C/detail_pic/1.jpg,/pic/jianshenhuju/C/detail_pic/2.jpg,/pic/jianshenhuju/C/detail_pic/3.jpg,/pic/jianshenhuju/C/detail_pic/4.jpg,/pic/jianshenhuju/C/detail_pic/5.jpg,/pic/jianshenhuju/C/detail_pic/6.jpg,/pic/jianshenhuju/C/detail_pic/7.jpg'),(13,2,'运动护肘男女篮球网球健身手肘保护套关节护腕护臂保暖护手肘护具','日常运动佩戴缓解肘部压力','944人付款','产品参数：,品牌:tmt,尺码:左臂（单只装）右臂（单只装）,颜色分类:均码（可调节加压护肘）升级6代轻薄材质全透气网孔,护具种类:护手肘,上市时间:2017年春季,货号:B37,运动户外项目:羽毛球乒乓球网球足球篮球台球棒球高尔夫壁球保龄球自行车轮滑瑜伽舞蹈橄榄球F1赛车排球器械健身武术冰上健身其他,是否商场同款:否','/pic/jianshenhuju/E/product_pic/1.jpg,/pic/jianshenhuju/E/product_pic/2.jpg,/pic/jianshenhuju/E/product_pic/3.jpg,/pic/jianshenhuju/E/product_pic/4.jpg,/pic/jianshenhuju/E/product_pic/5.jpg','/pic/jianshenhuju/E/detail_pic/1.jpg,/pic/jianshenhuju/E/detail_pic/2.jpg,/pic/jianshenhuju/E/detail_pic/3.jpg,/pic/jianshenhuju/E/detail_pic/4.jpg,/pic/jianshenhuju/E/detail_pic/5.jpg,/pic/jianshenhuju/E/detail_pic/6.jpg,/pic/jianshenhuju/E/detail_pic/7.jpg'),(14,2,'运动护肩健身男女单肩网球羽毛球训练篮球护肩带防脱臼专业护具','专业加压夏季透气','286人付款','产品参数：,品牌:tmt,尺码:均码L(170斤以下选择)XL(170斤以上选择),颜色分类:J10基础款【左肩膀】J10基础款【右肩膀】,护具种类:护肩带,上市时间:2016年秋季,货号:B42,运动户外项目:羽毛球乒乓球网球足球篮球台球棒球高尔夫壁球保龄球自行车轮滑瑜伽舞蹈橄榄球F1赛车排球器械健身武术冰上健身','/pic/jianshenhuju/F/product_pic/1.jpg,/pic/jianshenhuju/F/product_pic/2.jpg,/pic/jianshenhuju/F/product_pic/3.jpg,/pic/jianshenhuju/F/product_pic/4.jpg,/pic/jianshenhuju/F/product_pic/5.jpg','/pic/jianshenhuju/F/detail_pic/1.jpg,/pic/jianshenhuju/F/detail_pic/2.jpg,/pic/jianshenhuju/F/detail_pic/3.jpg,/pic/jianshenhuju/F/detail_pic/4.jpg,/pic/jianshenhuju/F/detail_pic/5.jpg,/pic/jianshenhuju/F/detail_pic/6.jpg,/pic/jianshenhuju/F/detail_pic/7.jpg,/pic/jianshenhuju/F/detail_pic/8.jpg,/pic/jianshenhuju/F/detail_pic/9.jpg,/pic/jianshenhuju/F/detail_pic/10.jpg'),(15,2,'运动爆汗女发汗暴汗护腰带健身收腹束腰带瘦身减肥训练男塑腰燃脂','','996人付款','产品参数：,品牌:热血龙,尺码:S(宽19cm，长100cm/适合腰围1尺5-2尺1)M（宽20cm，长105cm/适合腰围1尺7-2尺6）,颜色分类:升级无痕款玫红色升级无痕款柠檬黄,护具种类:护腰带,上市时间:2019年夏季,货号:BHYD-0612','/pic/jianshenhuju/G/product_pic/1.jpg,/pic/jianshenhuju/G/product_pic/2.jpg,/pic/jianshenhuju/G/product_pic/3.jpg,/pic/jianshenhuju/G/product_pic/4.jpg,/pic/jianshenhuju/G/product_pic/5.jpg','/pic/jianshenhuju/G/detail_pic/1.jpg,/pic/jianshenhuju/G/detail_pic/2.jpg,/pic/jianshenhuju/G/detail_pic/3.jpg,/pic/jianshenhuju/G/detail_pic/4.jpg,/pic/jianshenhuju/G/detail_pic/5.jpg,/pic/jianshenhuju/G/detail_pic/6.jpg,/pic/jianshenhuju/G/detail_pic/7.jpg,/pic/jianshenhuju/G/detail_pic/8.jpg,/pic/jianshenhuju/G/detail_pic/9.jpg,/pic/jianshenhuju/G/detail_pic/10.jpg,/pic/jianshenhuju/G/detail_pic/11.jpg,/pic/jianshenhuju/G/detail_pic/12.jpg'),(16,2,'篮球护臂套男运动加长护腕护手臂袖套护肘关节体育用品护具保暖女','高弹舒适透气运动护臂护手肘','386人付款','产品参数：,品牌:Mdikawe/曼迪卡威,尺码:一只装【高弹力】两只装【高弹力】,颜色分类:桔色黑色,护具种类:护手肘,上市时间:2014年春季,货号:B3MD1,运动户外项目:羽毛球乒乓球网球足球篮球台球棒球高尔夫壁球保龄球自行车轮滑瑜伽舞蹈橄榄球F1赛车排球器械健身武术冰上健身其他','/pic/jianshenhuju/H/product_pic/1.jpg,/pic/jianshenhuju/H/product_pic/2.jpg,/pic/jianshenhuju/H/product_pic/3.jpg,/pic/jianshenhuju/H/product_pic/4.jpg,/pic/jianshenhuju/H/product_pic/5.jpg','/pic/jianshenhuju/H/detail_pic/1.jpg,/pic/jianshenhuju/H/detail_pic/2.jpg,/pic/jianshenhuju/H/detail_pic/3.jpg,/pic/jianshenhuju/H/detail_pic/4.jpg,/pic/jianshenhuju/H/detail_pic/5.jpg,/pic/jianshenhuju/H/detail_pic/6.jpg,/pic/jianshenhuju/H/detail_pic/7.jpg'),(17,3,'健身器材家用套装组合多功能力量训练运动器械健身家用综合训练器','50*75加粗管材，总重230kg，圭字型底座','261人付款','品牌:美力德,产地:中国,适用人数:3人,颜色分类:全新黑橙色全新黑橙色【包安装】全新黑黄色全新黑黄色【包安装】升级黑黄色升级黑黄色【包安装】全国联保送货上楼,上市时间:2017年,夏季货号:BL705A,是否商场同款:否','/pic/jianshenqicai/A/product_pic/1.jpg,/pic/jianshenqicai/A/product_pic/2.jpg,/pic/jianshenqicai/A/product_pic/3.jpg,/pic/jianshenqicai/A/product_pic/4.jpg,/pic/jianshenqicai/A/product_pic/5.jpg',''),(18,3,'多德士仰卧起坐健身器材家用固定脚辅助器运动多功能椅锻炼腹肌板','领券减20加长板179大扶手收藏加购送支架','5500+人付款','品牌:DDS/多德士,颜色分类:特价款【1.4米运动大扶手】（拉绳+助力器+俯卧杆）1.4米训练级【高配型】（拉绳+助力器+俯卧杆）送俯卧撑【1.4米运动大扶手】（拉绳+助力器+俯卧杆）1.4米运动版【经典透气型】（拉绳+助力器+俯卧撑杆）1.4米运动版【经典型】7棉款（拉绳+助力器+俯卧撑杆）家用级7泡棉【多功能】（拉绳+助力器+俯卧撑杆）家用级6泡棉【加强型】（拉绳+助力器）家用级6泡棉【标准型】（配拉绳）【豪华特价款】仰卧起坐卷腹燃脂【限量特惠】简约入门款辅助仰卧起坐卷腹瘦身收藏加购优先发货,按健身效果选择:腰腹练习,上市时间:2014年,春季货号:DDS-104,适用对象:男,健身器材分类:多功能仰卧板','/pic/jianshenqicai/B/product_pic/1.jpg,/pic/jianshenqicai/B/product_pic/2.jpg,/pic/jianshenqicai/B/product_pic/3.jpg,/pic/jianshenqicai/B/product_pic/4.jpg,/pic/jianshenqicai/B/product_pic/5.jpg','/pic/jianshenqicai/B/detail_pic/1.jpg,/pic/jianshenqicai/B/detail_pic/2.jpg,/pic/jianshenqicai/B/detail_pic/3.jpg,/pic/jianshenqicai/B/detail_pic/4.jpg,/pic/jianshenqicai/B/detail_pic/5.jpg'),(19,3,'麦瑞克椭圆机家用小型磁控踏步健身器材椭圆仪太空漫步机蜗牛T10','咨询领豪礼包安装调试测卡路里分期免息','1094人付款','品牌:MERACH/麦瑞克,产地:中国,颜色分类:清仓版-珍珠白-无座基础版-珍珠白-无座-智能APP基础版-魔法灰-无座-智能APP标准版-珍珠白-有座-智能APP标准版-魔法灰-有座-智能APP豪华版-珍珠白-无座-智能APP-测心率-显示屏豪华版-魔法灰-无座-智能APP-测心率-显示屏旗舰款-珍珠白-有座-智能APP-测心率-显示屏旗舰款-魔法灰-有座-智能APP-测心率-显示屏豪华版-珍珠白-无座-智能APP-测心率-显示屏-包安装（送减震垫）旗舰款-珍珠白-有座-智能APP-测心率-显示屏-包安装（送减震垫）,教材模式:其他,阻力调节方式:磁控式,上市时间:2019年春季,是否可折叠:不可折叠,货号:MR-532,驱动类型:后轮驱动,配送方式:送货到家并安装,是否商场同款:是,智能类型:其他智能,坡度调整方式:固定坡度,飞轮重量:5公斤,步幅:35cm以下','/pic/jianshenqicai/C/product_pic/1.jpg,/pic/jianshenqicai/C/product_pic/2.jpg,/pic/jianshenqicai/C/product_pic/3.jpg,/pic/jianshenqicai/C/product_pic/4.jpg,/pic/jianshenqicai/C/product_pic/5.jpg','/pic/jianshenqicai/C/detail_pic/1.jpg,/pic/jianshenqicai/C/detail_pic/2.jpg,/pic/jianshenqicai/C/detail_pic/3.jpg,/pic/jianshenqicai/C/detail_pic/4.jpg,/pic/jianshenqicai/C/detail_pic/5.jpg'),(20,3,'门上单杠家庭引体向上器家用单杆室内墙体免打孔体育用品健身器材','免打孔加固安全卡扣','2413人付款','品牌:小熊豆豆,颜色分类:防滑防弯曲】豪华款红黑60-100【透气加厚胶垫】送手套防滑防弯曲】豪华款红黑83-130【透气加厚胶垫】送手套防滑防弯曲】豪华款蓝黑60-100【透气加厚胶垫】送手套防滑防弯曲】豪华款蓝黑83-130【透气加厚胶垫】送手套加固安全豪华版】红黑60-100【九角防滑透气防汗】送手套加固安全豪华版】红黑83-130【九角防滑透气防汗】送手套加固安全豪华版】红黑100-150【九角防滑透气防汗】送手套齿扣双加固新款红黑60-100【九角防滑透气防汗】送手套齿扣双加固新款红黑70-110【九角防滑透气防汗】送手套齿扣双加固新款红黑83-130【九角防滑透气防汗】送手套齿扣双加固新款红黑90-140【九角防滑透气防汗】送手套齿扣双加固新款红黑100-150【九角防滑透气防汗】送手套齿扣双加固新款红黑100-160【九角防滑透气防汗】送手套齿扣双加固新款蓝黑60-100【九角防滑透气防汗】送手套齿扣双加固新款蓝黑83-130【九角防滑透气防汗】送手套齿扣双加固新款蓝黑100-150【九角防滑透气防汗】送手套【组合套餐】齿扣双加固黑红60-100cm+40KG臂力器【组合套餐】齿扣双加固黑红70-110cm+40KG臂力器【组合套餐】齿扣双加固黑红83-130cm+40KG臂力器【组合套餐】齿扣双加固黑红90-140cm+40KG臂力器【组合套餐】齿扣双加固黑红100-150cm+40KG臂力器【组合套餐】齿扣双加固黑红100-160cm+40KG臂力器,上市时间:2017年,夏季货号:5656','/pic/jianshenqicai/D/product_pic/1.jpg,/pic/jianshenqicai/D/product_pic/2.jpg,/pic/jianshenqicai/D/product_pic/3.jpg,/pic/jianshenqicai/D/product_pic/4.jpg,/pic/jianshenqicai/D/product_pic/5.jpg','/pic/jianshenqicai/D/detail_pic/1.jpg,/pic/jianshenqicai/D/detail_pic/2.jpg,/pic/jianshenqicai/D/detail_pic/3.jpg,/pic/jianshenqicai/D/detail_pic/4.jpg,/pic/jianshenqicai/D/detail_pic/5.jpg'),(21,3,'Reebok/锐步ZJET430跑步机家用款静音小型可折叠减震电动健身器材','空气减震节能马达430mm舒适跑台','100人付款','品牌:Reebok/锐步,系列:zjet430,售后服务:全国联保,颜色分类:红色【ZJET减震430mm跑宽+钻石纹跑台+蓝牙app】黑色【ZJET减震430mm跑宽+钻石纹跑台+蓝牙app】,上市时间:2016年春季,是否可折叠:是,货号:430,驱动类型:电子,健身器材分类:家用跑步机,心率测试:手握心率测试,配送方式:送货到家并安装,屏幕类型:液晶显示屏,是否商场同款:是,跑步机类型:单功能跑步机,跑带宽度:42-44CM,跑带区域:130x43cm,跑步机净重:75kg,跑步机最大承重:120kg,坡度调整方式:电动,持续输出马力:1.2hp,峰值马力:2hp,可持续输出马力:1hp(不含)－2（含）,速度调节范围:1-16Km/h','/pic/jianshenqicai/E/product_pic/1.jpg,/pic/jianshenqicai/E/product_pic/2.jpg,/pic/jianshenqicai/E/product_pic/3.jpg,/pic/jianshenqicai/E/product_pic/4.jpg,/pic/jianshenqicai/E/product_pic/5.jpg','/pic/jianshenqicai/E/detail_pic/1.jpg,/pic/jianshenqicai/E/detail_pic/2.jpg,/pic/jianshenqicai/E/detail_pic/3.jpg,/pic/jianshenqicai/E/detail_pic/4.jpg,/pic/jianshenqicai/E/detail_pic/5.jpg'),(22,3,'澳玛仕踏步机多功能脚踏家用减肥机瘦腿静音椭圆慢跑迷你健身器材','燃脂神器免安装静音小巧智能APP三期免息','350人付款','品牌:AOMAS/澳玛仕,颜色分类:珍珠白免安装下单送好礼夜鹰黑免安装下单送好礼T8Plus【白色扶手升级款】,按健身效果选择:整体减肥/塑身/美体,上市时间:2018年夏季,货号:OMS-T8,健身器材分类:多功能踏步机踏步机,配件类型:带拉绳其他,是否商场同款:否','/pic/jianshenqicai/F/product_pic/1.jpg,/pic/jianshenqicai/F/product_pic/2.jpg,/pic/jianshenqicai/F/product_pic/3.jpg,/pic/jianshenqicai/F/product_pic/4.jpg,/pic/jianshenqicai/F/product_pic/5.jpg','/pic/jianshenqicai/F/detail_pic/1.jpg,/pic/jianshenqicai/F/detail_pic/2.jpg,/pic/jianshenqicai/F/detail_pic/3.jpg,/pic/jianshenqicai/F/detail_pic/4.jpg,/pic/jianshenqicai/F/detail_pic/5.jpg'),(23,3,'亿健T900家用款小型静音正品折叠多功能室内电动跑步机健身房器材','七大仓库就近发货智能加油奔驰减震系统','199人付款','品牌:亿健,亿健跑步机型号:更多,售后服务:全国联保,产地:中国,颜色分类:10.1寸Wifi彩屏款多功能【送货上门包安装】高清触摸彩屏10.1寸Wifi彩屏款单功能【送货上门包安装】高清触摸彩屏旗舰版多功能奔驰六级减震系统/自助加油/58CM跑台/送货上楼旗舰版单功能奔驰六级减震系统/自助加油/58CM跑台/送货上楼,上市时间:2016年春季,是否可折叠:是,货号:T900,驱动类型:电子,健身器材分类:家用跑步机,心率测试:手握心率测试,配送方式:送货到家并安装,屏幕类型:高清屏,是否商场同款:否,跑步机类型:多功能跑步机,跑带宽度:42-44CM,跑带区域:126x42cm,跑步机最大承重:120kg,坡度调整方式:手动,持续输出马力:1hp,峰值马力:3hp,可持续输出马力:1hp及以下','/pic/jianshenqicai/G/product_pic/1.jpg,/pic/jianshenqicai/G/product_pic/2.jpg,/pic/jianshenqicai/G/product_pic/3.jpg,/pic/jianshenqicai/G/product_pic/4.jpg,/pic/jianshenqicai/G/product_pic/5.jpg','/pic/jianshenqicai/G/detail_pic/1.jpg,/pic/jianshenqicai/G/detail_pic/2.jpg,/pic/jianshenqicai/G/detail_pic/3.jpg,/pic/jianshenqicai/G/detail_pic/4.jpg,/pic/jianshenqicai/G/detail_pic/5.jpg'),(24,3,'李宁筋膜枪高频震动电动静音深层肌肉冲击器材健身放松小型按摩枪','李宁正品肌肉放松神器静音震动','474人付款','品牌:Lining/李宁,颜色分类:李宁筋膜枪【送5个按摩头】李宁筋膜枪【4个按摩头】,按健身效果选择:肌肉放松,上市时间:2019年冬季,适用对象:通用,智能类型:其他','/pic/jianshenqicai/H/product_pic/1.jpg,/pic/jianshenqicai/H/product_pic/2.jpg,/pic/jianshenqicai/H/product_pic/3.jpg,/pic/jianshenqicai/H/product_pic/4.jpg,/pic/jianshenqicai/H/product_pic/5.jpg','/pic/jianshenqicai/H/detail_pic/1.jpg,/pic/jianshenqicai/H/detail_pic/2.jpg,/pic/jianshenqicai/H/detail_pic/3.jpg,/pic/jianshenqicai/H/detail_pic/4.jpg,/pic/jianshenqicai/H/detail_pic/5.jpg'),(25,4,'健身黑麦全麦面包低粗粮卡代餐饱腹零食品早餐整箱营养养胃非脱脂健身食品','限前10000名29.6，卖完恢复原价39.6','4.5万+人付款','生产许可证编号：SC11234012105080,厂名：合肥市金鑫园食品有限公司,厂址：安徽省长丰双凤经济开发区凤麟路69号1幢厂房,厂家联系方式：025-83467169,保质期：90天,品牌:小鸡收腹,系列:黑麦代餐面包2,口味:限量促销【2斤整箱20包40片】（20天健身推荐）限量促销【4斤2箱40包80片】（40天健身推荐）,产地:中国大陆,省份:安徽省,包装方式:散装糕点,种类:西式糕点,净含量:1000g','/pic/jianshenshipin/A/product_pic/1.jpg,/pic/jianshenshipin/A/product_pic/2.jpg,/pic/jianshenshipin/A/product_pic/3.jpg','/pic/jianshenshipin/A/detail_pic/1.jpg,/pic/jianshenshipin/A/detail_pic/2.jpg,/pic/jianshenshipin/A/detail_pic/3.jpg,/pic/jianshenshipin/A/detail_pic/4.jpg,/pic/jianshenshipin/A/detail_pic/5.jpg,/pic/jianshenshipin/A/detail_pic/6.jpg,/pic/jianshenshipin/A/detail_pic/7.jpg,/pic/jianshenshipin/A/detail_pic/8.jpg'),(26,4,'【共20包】鲨鱼菲特速食鸡胸肉健身开袋即食代餐低脂轻食鸡肉食品健身食品','10袋鸡胸肉送6袋丸子再送4根鸡肉肠共1460g','4.5万+人付款','生产许可证编号：SC10437052300320,厂名：山东华协食品有限公司,厂址：中国山东省广饶县城北十公里,厂家联系方式：0543-7362961,保质期：180天,品牌:SHARKFIT/鲨鱼菲特,产地:中国大陆,省份:山东省,城市:东营市,重量(g):1260,包装方式:包装,套餐份量:1人份,套餐周期:1周','/pic/jianshenshipin/B/product_pic/1.jpg,/pic/jianshenshipin/B/product_pic/2.jpg,/pic/jianshenshipin/B/product_pic/3.jpg,/pic/jianshenshipin/B/product_pic/4.jpg,/pic/jianshenshipin/B/product_pic/5.jpg','/pic/jianshenshipin/B/detail_pic/1.jpg,/pic/jianshenshipin/B/detail_pic/2.jpg,/pic/jianshenshipin/B/detail_pic/3.jpg,/pic/jianshenshipin/B/detail_pic/4.jpg,/pic/jianshenshipin/B/detail_pic/5.jpg,/pic/jianshenshipin/B/detail_pic/6.jpg,/pic/jianshenshipin/B/detail_pic/7.jpg,/pic/jianshenshipin/B/detail_pic/8.jpg,/pic/jianshenshipin/B/detail_pic/9.jpg'),(27,4,'超级零代餐饱腹营养减燃卡天然食品脂控热肥健身断糖全家福礼盒健身食品','','247人付款','生产许可证编号：SC12433011007301,厂名：杭州衡美食品科技有限公司,厂址：浙江省杭州市余杭区良渚街道纬六路8号,厂家联系方式：4000027207,配料表：1套甜蜜版小粉盒三日餐、1套热辣版小粉盒三日餐、1套暖心版小粉盒三日餐、10瓶大餐救星,储藏方法：常温避光保存,保质期：210天,品牌:超级零,系列:组合套装,粉粉品类:粉粉组合装,产地:中国大陆,省份:浙江省,城市:杭州市,粉粉重量:其他/other,是否含糖:无糖,是否为有机食品:否,商品条形码:TU19120300001,包装方式:包装,套餐份量:1人,净含量:14000g','/pic/jianshenshipin/C/product_pic/1.jpg,/pic/jianshenshipin/C/product_pic/2.jpg,/pic/jianshenshipin/C/product_pic/3.jpg,/pic/jianshenshipin/C/product_pic/4.jpg,/pic/jianshenshipin/C/product_pic/5.jpg','/pic/jianshenshipin/C/detail_pic/1.jpg,/pic/jianshenshipin/C/detail_pic/2.jpg,/pic/jianshenshipin/C/detail_pic/3.jpg,/pic/jianshenshipin/C/detail_pic/4.jpg,/pic/jianshenshipin/C/detail_pic/5.jpg,/pic/jianshenshipin/C/detail_pic/6.jpg,/pic/jianshenshipin/C/detail_pic/7.jpg,/pic/jianshenshipin/C/detail_pic/8.jpg,/pic/jianshenshipin/C/detail_pic/9.jpg'),(28,4,'【30天计划】燕教授一个月套餐代餐饱腹食品粉营养健身脂断计划健身食品','','19人付款','生产许可证编号：SC12433011007301,厂名：杭州衡美食品科技有限公司,厂址：浙江省杭州市余杭区良渚街道纬六路8号,厂家联系方式：0757-86252048,保质期：480天,品牌:DRYAN/燕教授,系列:30天套餐,产地:中国大陆,省份:浙江省,城市:杭州市,包装方式:包装,净含量:240g','/pic/jianshenshipin/D/product_pic/1.jpg,/pic/jianshenshipin/D/product_pic/2.png,/pic/jianshenshipin/D/product_pic/3.png,/pic/jianshenshipin/D/product_pic/4.png,/pic/jianshenshipin/D/product_pic/5.png','/pic/jianshenshipin/D/detail_pic/1.png,/pic/jianshenshipin/D/detail_pic/2.png,/pic/jianshenshipin/D/detail_pic/3.png,/pic/jianshenshipin/D/detail_pic/4.png,/pic/jianshenshipin/D/detail_pic/5.png,/pic/jianshenshipin/D/detail_pic/6.png,/pic/jianshenshipin/D/detail_pic/7.png,/pic/jianshenshipin/D/detail_pic/8.png,/pic/jianshenshipin/D/detail_pic/9.png'),(29,4,'【共60包】鲨鱼菲特速食鸡胸肉健身即食代餐食品低脂轻食鸡肉减脂健身食品','','804人付款','生产许可证编号：SC10437160200650,厂名：山东隆鑫菲特食品有限公司,厂址：山东省滨州市滨城区滨北办事处凤凰一路8号、山东省滨州市滨城区滨北街道办事处凤凰一路8号,厂家联系方式：18954369955,保质期：180天,品牌:SHARKFIT/鲨鱼菲特,产地:中国大陆,省份:山东省,城市:东营市,重量(g):5000,包装方式:包装','/pic/jianshenshipin/E/product_pic/1.jpg,/pic/jianshenshipin/E/product_pic/2.png,/pic/jianshenshipin/E/product_pic/3.png,/pic/jianshenshipin/E/product_pic/4.png,/pic/jianshenshipin/E/product_pic/5.png','/pic/jianshenshipin/E/detail_pic/1.png,/pic/jianshenshipin/E/detail_pic/2.png,/pic/jianshenshipin/E/detail_pic/3.png,/pic/jianshenshipin/E/detail_pic/4.png,/pic/jianshenshipin/E/detail_pic/5.png,/pic/jianshenshipin/E/detail_pic/6.png,/pic/jianshenshipin/E/detail_pic/7.png,/pic/jianshenshipin/E/detail_pic/8.png,/pic/jianshenshipin/E/detail_pic/9.png,/pic/jianshenshipin/E/detail_pic/10.png'),(30,4,'【22袋】肌肉小王子速食鸡胸肉健身代餐即食轻食低脂零食鸡肉食品健身食品','买10袋肉送4袋丸+4袋肠+4袋蟹棒共22袋','1.5万+人付款','生产许可证编号：SC11137170100190,产品标准号：GB/T23586,厂名：山东范府食品有限公司,厂址：山东省菏泽市高新区万福办事处兰州路1113号,厂家联系方式：0530-5607766,配料表：鸡大胸、饮用水、食用盐、白砂糖、香辛料,储藏方法：放置阴凉处避免阳光直射,保质期：90天,品牌:MUSCLEPRINCE/肌肉小王子,产地:中国大陆,省份:山东省,城市:菏泽市,是否为有机食品:否,商品条形码:6952462417015,重量(g):1000,同城服务:同城24小时物流送货上门,包装方式:包装,套餐份量:1人份,套餐周期:1周,配送频次:1周2次,原产地:中国生鲜,储存温度:0-8℃','/pic/jianshenshipin/F/product_pic/1.jpg,/pic/jianshenshipin/F/product_pic/2.jpg,/pic/jianshenshipin/F/product_pic/3.jpg,/pic/jianshenshipin/F/product_pic/4.jpg,/pic/jianshenshipin/F/product_pic/5.jpg','/pic/jianshenshipin/F/detail_pic/1.jpg,/pic/jianshenshipin/F/detail_pic/2.jpg,/pic/jianshenshipin/F/detail_pic/3.jpg,/pic/jianshenshipin/F/detail_pic/4.jpg,/pic/jianshenshipin/F/detail_pic/5.jpg,/pic/jianshenshipin/F/detail_pic/6.jpg,/pic/jianshenshipin/F/detail_pic/7.jpg,/pic/jianshenshipin/F/detail_pic/8.jpg,/pic/jianshenshipin/F/detail_pic/9.jpg,/pic/jianshenshipin/F/detail_pic/10.jpg'),(31,4,'PerformixSST黑魔减脂胶囊60粒加强版蓝魔灰魔黄魔白魔健身食品','美国原装黑魔时尚健身补剂','131人付款','厂名：PERFORMIX,厂址：PERFORMIX,厂家联系方式：0551-64387920,保质期：730天,品牌:PERFORMIX,系列:x黑魔,产地:美国,适用性别:通用,保质期:24个月,生产企业:PERFORMIX,产品剂型:胶囊规格（粒/袋/ml/g）:60粒,计价单位:瓶,效期说明:24个月','/pic/jianshenshipin/G/product_pic/1.jpg,/pic/jianshenshipin/G/product_pic/2.jpg,/pic/jianshenshipin/G/product_pic/3.jpg,/pic/jianshenshipin/G/product_pic/4.jpg','/pic/jianshenshipin/G/detail_pic/1.jpg,/pic/jianshenshipin/G/detail_pic/2.jpg,/pic/jianshenshipin/G/detail_pic/3.jpg,/pic/jianshenshipin/G/detail_pic/4.jpg,/pic/jianshenshipin/G/detail_pic/5.jpg,/pic/jianshenshipin/G/detail_pic/6.jpg,/pic/jianshenshipin/G/detail_pic/7.jpg,/pic/jianshenshipin/G/detail_pic/8.jpg,/pic/jianshenshipin/G/detail_pic/9.jpg,/pic/jianshenshipin/G/detail_pic/10.jpg'),(32,4,'Freedom进口原味全麦纯燕麦片即食无糖脱脂健身早餐代餐养胃食品健身食品','澳洲营养膳食保税仓发货无蔗糖纯燕软糯清香','2.0万+人付款','厂名：freedomfood,厂址：澳大利亚,厂家联系方式：1800646231,保质期：420天,包装方式:包装,是否含糖:无糖,产地:澳大利亚,饮品种类:纯麦片,原料成分:燕麦,是否即食:是,套餐份量:2人,套餐周期:2周,配送频次:1周1次,品牌:FreedomFoods,系列:无糖纯燕1KG,商品条形码:9315090203431,口味:高纤原味燕麦,净含量:1000g','/pic/jianshenshipin/H/product_pic/1.jpg,/pic/jianshenshipin/H/product_pic/2.jpg,/pic/jianshenshipin/H/product_pic/3.jpg,/pic/jianshenshipin/H/product_pic/4.jpg,/pic/jianshenshipin/H/product_pic/5.jpg','/pic/jianshenshipin/H/detail_pic/1.jpg,/pic/jianshenshipin/H/detail_pic/2.jpg,/pic/jianshenshipin/H/detail_pic/3.jpg,/pic/jianshenshipin/H/detail_pic/4.jpg,/pic/jianshenshipin/H/detail_pic/5.jpg,/pic/jianshenshipin/H/detail_pic/6.jpg,/pic/jianshenshipin/H/detail_pic/7.jpg,/pic/jianshenshipin/H/detail_pic/8.jpg,/pic/jianshenshipin/H/detail_pic/9.jpg'),(33,5,'安踏运动鞋男鞋气垫鞋官网2019冬季新款皮面休闲鞋男士鞋子跑步鞋','全场满398减110元','1474人付款','产品参数：,产品名称：ANTA/安踏11537776,品牌:ANTA/安踏,功能:减震防滑耐磨防水包裹性支撑平衡抗冲击轻便增高保暖,闭合方式:系带,鞋码:394040.5414242.54344.5,颜色分类:【A款】-深藏青/荧光绿/火花红【热卖推荐】【A款】-黑/安踏白【热卖推荐】【A款】-安踏白/淡灰【A款】-中灰/火花红【B款】-黑/燕麦灰-5【加绒皮面】【B款】-全黑/燕麦灰【皮网结合】【B款】-黑/安踏白【皮网结合】【B款】-深灰/雾灰【皮网结合】【C款】-黑/荧光柿子红-7【秋冬皮面】【C款】-大学红/象牙白/黑-8【秋冬皮面】【C款】-一度灰/姜黄【皮网结合】【C款】-黑/柿子红【皮网结合】【C款】-象牙白/正蓝【皮网结合】,运动鞋科技:气垫,适用场地:室外硬地室内地板,吊牌价:369,款号:11537776,是否瑕疵:否,上市时间:2018年夏季,鞋底材质:橡胶+EVA,性别:男子,运动系列:跑步训练,帮面材质:人造革+织物,是否商场同款:是','/pic/yundongxie/A/product_pic/1.jpg,/pic/yundongxie/A/product_pic/2.jpg,/pic/yundongxie/A/product_pic/3.jpg,/pic/yundongxie/A/product_pic/4.jpg,/pic/yundongxie/A/product_pic/5.jpg','/pic/yundongxie/A/detail_pic/1.jpg,/pic/yundongxie/A/detail_pic/2.jpg,/pic/yundongxie/A/detail_pic/3.jpg,/pic/yundongxie/A/detail_pic/4.jpg,/pic/yundongxie/A/detail_pic/5.jpg,/pic/yundongxie/A/detail_pic/6.jpg,/pic/yundongxie/A/detail_pic/7.jpg,/pic/yundongxie/A/detail_pic/8.jpg,/pic/yundongxie/A/detail_pic/9.jpg'),(34,5,'安踏运动鞋男秋季2019新款男士气垫鞋休闲综训官网冬季皮面鞋子男','安踏正品气垫后跟减震缓震','897人付款','产品参数：,品牌:ANTA/安踏,功能:减震防滑耐磨包裹性保暖,闭合方式:系带,鞋码:394040.5414242.54344.5,颜色分类:黑/燕麦灰-1二度灰/金属金/象牙白黑/大学红/象牙白-5黑/安踏白-3象牙白/正蓝-1大学红/象牙白-4一度灰/姜黄-6,运动鞋科技:气垫,适用场地:室外硬地室内地板,吊牌价:369.00,款号:11847775,是否瑕疵:否,上市时间:2018年冬季,鞋底材质:EVA,性别:男子,运动系列:休闲生活系列鞋,帮面材质:人造革+织物,是否商场同款:是','/pic/yundongxie/B/product_pic/1.jpg,/pic/yundongxie/B/product_pic/2.jpg,/pic/yundongxie/B/product_pic/3.jpg,/pic/yundongxie/B/product_pic/4.jpg,/pic/yundongxie/B/product_pic/5.jpg','/pic/yundongxie/B/detail_pic/1.jpg,/pic/yundongxie/B/detail_pic/2.jpg,/pic/yundongxie/B/detail_pic/3.jpg,/pic/yundongxie/B/detail_pic/4.jpg,/pic/yundongxie/B/detail_pic/5.jpg,/pic/yundongxie/B/detail_pic/6.jpg,/pic/yundongxie/B/detail_pic/7.jpg,/pic/yundongxie/B/detail_pic/8.jpg,/pic/yundongxie/B/detail_pic/9.jpg'),(35,5,'UnderArmour安德玛UA男子HOVRApex运动鞋训练鞋-3022206','轻盈脚感防护出众稳定灵活支撑良好','20人付款','产品参数：,品牌:UnderArmour/安德玛,功能:减震耐磨,闭合方式:系带,鞋码:4040.5414242.5434444.54545.5464747.548.5,颜色分类:100灰色002黑色101灰色,适用场地:室外硬地室内地板,吊牌价:1199,款号:3022206,是否瑕疵:否,上市时间:2018年秋季,性别:男子,是否商场同款:是','/pic/yundongxie/C/product_pic/1.jpg,/pic/yundongxie/C/product_pic/2.jpg,/pic/yundongxie/C/product_pic/3.jpg,/pic/yundongxie/C/product_pic/4.jpg,/pic/yundongxie/C/product_pic/5.jpg','/pic/yundongxie/C/detail_pic/1.jpg,/pic/yundongxie/C/detail_pic/2.jpg,/pic/yundongxie/C/detail_pic/3.jpg,/pic/yundongxie/C/detail_pic/4.jpg,/pic/yundongxie/C/detail_pic/5.jpg,/pic/yundongxie/C/detail_pic/6.jpg,/pic/yundongxie/C/detail_pic/7.jpg,/pic/yundongxie/C/detail_pic/8.jpg,/pic/yundongxie/C/detail_pic/9.jpg'),(36,5,'FILA斐乐官方男子训练鞋2019冬季新款专业运动鞋室内健身鞋男','百年意式经典品牌官方旗舰店正品保障','140人付款','产品参数：,品牌:Fila/斐乐,功能:耐磨,闭合方式:系带,鞋码:394040.5414242.54344.5,颜色分类:黑色-BK集团白-WT藕荷色/集团白-WV,适用场地:室外硬地室内地板,吊牌价:780,款号:F12M942406F,是否瑕疵:否,上市时间:2019年冬季,鞋底材质:防滑橡胶,性别:男子,运动系列:综训系列,帮面材质:TPU+人造革+织物,是否商场同款:是','/pic/yundongxie/D/product_pic/1.jpg,/pic/yundongxie/D/product_pic/2.jpg,/pic/yundongxie/D/product_pic/3.jpg,/pic/yundongxie/D/product_pic/4.jpg,/pic/yundongxie/D/product_pic/5.jpg','/pic/yundongxie/D/detail_pic/1.jpg,/pic/yundongxie/D/detail_pic/2.jpg,/pic/yundongxie/D/detail_pic/3.jpg,/pic/yundongxie/D/detail_pic/4.jpg,/pic/yundongxie/D/detail_pic/5.jpg,/pic/yundongxie/D/detail_pic/6.jpg,/pic/yundongxie/D/detail_pic/7.jpg,/pic/yundongxie/D/detail_pic/8.jpg,/pic/yundongxie/D/detail_pic/9.jpg'),(37,5,'Reebok锐步运动健身LEGACYLIFTER男子低帮训练鞋FZM24','男子低帮训练鞋','12人付款','产品参数：,品牌:Reebok/锐步,鞋码:394040.5414242.5434444.54545.54647,颜色分类:DV6225-白色/蓝色,吊牌价:1299,款号:FZM24-19Q4,上市时间:2019年冬季,性别:男子,是否商场同款:是','/pic/yundongxie/E/product_pic/1.jpg,/pic/yundongxie/E/product_pic/2.jpg,/pic/yundongxie/E/product_pic/3.jpg,/pic/yundongxie/E/product_pic/4.jpg,/pic/yundongxie/E/product_pic/5.jpg','/pic/yundongxie/E/detail_pic/1.jpg,/pic/yundongxie/E/detail_pic/2.jpg,/pic/yundongxie/E/detail_pic/3.jpg,/pic/yundongxie/E/detail_pic/4.jpg,/pic/yundongxie/E/detail_pic/5.jpg,/pic/yundongxie/E/detail_pic/6.jpg,/pic/yundongxie/E/detail_pic/7.jpg,/pic/yundongxie/E/detail_pic/8.jpg,/pic/yundongxie/E/detail_pic/9.jpg'),(38,5,'Reebok锐步官方NANO9男子网面运动低帮健身训练低帮鞋EGQ72','男子低帮训练鞋','26人付款','产品参数：,品牌:Reebok/锐步,鞋码:34.5353636.537.538.5394040.5414242.5434444.54545.54647,颜色分类:FU6828-黑色/橘色DV6359-中麻灰,吊牌价:899,款号:EGQ72-19Q3-4,上市时间:2019年冬季,性别:男子,是否商场同款:是','/pic/yundongxie/F/product_pic/1.jpg,/pic/yundongxie/F/product_pic/2.jpg,/pic/yundongxie/F/product_pic/3.jpg,/pic/yundongxie/F/product_pic/4.jpg,/pic/yundongxie/F/product_pic/5.jpg','/pic/yundongxie/F/detail_pic/1.jpg,/pic/yundongxie/F/detail_pic/2.jpg,/pic/yundongxie/F/detail_pic/3.jpg,/pic/yundongxie/F/detail_pic/4.jpg,/pic/yundongxie/F/detail_pic/5.jpg,/pic/yundongxie/F/detail_pic/6.jpg,/pic/yundongxie/F/detail_pic/7.jpg,/pic/yundongxie/F/detail_pic/8.jpg,/pic/yundongxie/F/detail_pic/9.jpg'),(39,5,'FILA斐乐官方男子训练鞋2019冬季新款专业运动鞋透气轻便综训鞋','百年意式经典品牌官方旗舰店正品保障','85人付款','产品参数：,品牌:Fila/斐乐,闭合方式:系带,鞋码:394040.5414242.54344.5,颜色分类:黑色-BK集团白-WT,适用场地:室外硬地室内地板,吊牌价:780,款号:F12M942401F,是否瑕疵:否,上市时间:2019年冬季,鞋底材质:粘胶,性别:男子,运动系列:综训系列,帮面材质:织物/PP膜,是否商场同款:是','/pic/yundongxie/G/product_pic/1.jpg,/pic/yundongxie/G/product_pic/2.jpg,/pic/yundongxie/G/product_pic/3.jpg,/pic/yundongxie/G/product_pic/4.jpg,/pic/yundongxie/G/product_pic/5.jpg','/pic/yundongxie/G/detail_pic/1.jpg,/pic/yundongxie/G/detail_pic/2.jpg,/pic/yundongxie/G/detail_pic/3.jpg,/pic/yundongxie/G/detail_pic/4.jpg,/pic/yundongxie/G/detail_pic/5.jpg,/pic/yundongxie/G/detail_pic/6.jpg,/pic/yundongxie/G/detail_pic/7.jpg,/pic/yundongxie/G/detail_pic/8.jpg,/pic/yundongxie/G/detail_pic/9.jpg'),(40,5,'安踏运动鞋男鞋2019新款秋冬季皮面防水休闲气垫鞋官网品牌跑步鞋','anta安踏官网正品气垫减震运动鞋','514人付款','产品参数：,产品名称：ANTA/安踏11637778,品牌:ANTA/安踏,功能:减震防滑耐磨防水包裹性增高保暖,闭合方式:系带,鞋码:394040.5414242.54344.5,颜色分类:白色黑/夏威夷蓝/雾灰黑/中灰/安踏白安踏白/淡灰黑/燕麦灰（加绒）黑/燕麦灰黑黑色/白色/灰色冷灰/安踏白中灰/深藏青/荧光绿/火花红,运动鞋科技:气垫,适用场地:室外硬地室内地板,吊牌价:369,款号:11637778,是否瑕疵:否,上市时间:2019年冬季,鞋底材质:橡胶+EVA,性别:男子,运动系列:训练AIRMAX,帮面材质:人造革+织物,是否商场同款:是','/pic/yundongxie/H/product_pic/1.jpg,/pic/yundongxie/H/product_pic/2.jpg,/pic/yundongxie/H/product_pic/3.jpg,/pic/yundongxie/H/product_pic/4.jpg,/pic/yundongxie/H/product_pic/5.jpg','/pic/yundongxie/H/detail_pic/1.jpg,/pic/yundongxie/H/detail_pic/2.jpg,/pic/yundongxie/H/detail_pic/3.jpg,/pic/yundongxie/H/detail_pic/4.jpg,/pic/yundongxie/H/detail_pic/5.jpg,/pic/yundongxie/H/detail_pic/6.jpg,/pic/yundongxie/H/detail_pic/7.jpg,/pic/yundongxie/H/detail_pic/8.jpg,/pic/yundongxie/H/detail_pic/9.jpg');

/*Table structure for table `ego_index_carousel` */

DROP TABLE IF EXISTS `ego_index_carousel`;

CREATE TABLE `ego_index_carousel` (
  `cid` int(11) NOT NULL AUTO_INCREMENT,
  `fid` int(11) DEFAULT NULL,
  `title` varchar(64) DEFAULT NULL,
  `img` varchar(128) DEFAULT NULL,
  PRIMARY KEY (`cid`),
  KEY `fid` (`fid`),
  CONSTRAINT `ego_index_carousel_ibfk_1` FOREIGN KEY (`fid`) REFERENCES `ego_family` (`fid`)
) ENGINE=InnoDB AUTO_INCREMENT=5 DEFAULT CHARSET=utf8;

/*Data for the table `ego_index_carousel` */

insert  into `ego_index_carousel`(`cid`,`fid`,`title`,`img`) values (1,1,'','/pic/index/banner1.jpg'),(2,1,'','/pic/index/banner2.jpg'),(3,1,'','/pic/index/banner3.jpg'),(4,1,'','/pic/index/banner4.jpg');

/*Table structure for table `ego_index_topsale` */

DROP TABLE IF EXISTS `ego_index_topsale`;

CREATE TABLE `ego_index_topsale` (
  `tid` int(11) NOT NULL AUTO_INCREMENT,
  `fid` int(11) DEFAULT NULL,
  `title` varchar(64) DEFAULT NULL,
  `img` varchar(128) DEFAULT NULL,
  PRIMARY KEY (`tid`),
  KEY `fid` (`fid`),
  CONSTRAINT `ego_index_topsale_ibfk_1` FOREIGN KEY (`fid`) REFERENCES `ego_family` (`fid`)
) ENGINE=InnoDB AUTO_INCREMENT=7 DEFAULT CHARSET=utf8;

/*Data for the table `ego_index_topsale` */

insert  into `ego_index_topsale`(`tid`,`fid`,`title`,`img`) values (1,5,'岚纹修身运动外套','/pic/jianshenfuzhuang/E/product_pic/2.jpg'),(2,35,'安德玛UA男子HOVRApex运动鞋','/pic/yundongxie/C/product_pic/5.jpg'),(3,19,'家用小型磁控踏步健身器材','/pic/jianshenqicai/C/product_pic/5.jpg'),(4,12,'脚踝护具','/pic/jianshenhuju/D/product_pic/5.jpg'),(5,22,'多功能踏步机','/pic/jianshenqicai/F/product_pic/5.jpg'),(6,6,'篮球跑步健身房运动健身衣','/pic/jianshenfuzhuang/F/product_pic/1.jpg');

/*Table structure for table `ego_product` */

DROP TABLE IF EXISTS `ego_product`;

CREATE TABLE `ego_product` (
  `pid` int(11) NOT NULL AUTO_INCREMENT,
  `fid` int(11) DEFAULT NULL,
  `price` float DEFAULT NULL,
  `property` varchar(1024) DEFAULT NULL,
  `storage` varchar(30) DEFAULT NULL,
  PRIMARY KEY (`pid`),
  KEY `fid` (`fid`),
  CONSTRAINT `ego_product_ibfk_1` FOREIGN KEY (`fid`) REFERENCES `ego_family` (`fid`)
) ENGINE=InnoDB AUTO_INCREMENT=237 DEFAULT CHARSET=utf8;

/*Data for the table `ego_product` */

insert  into `ego_product`(`pid`,`fid`,`price`,`property`,`storage`) values (1,1,29.9,'尺码:S,颜色:红色','210件'),(2,1,29.9,'尺码:S,颜色:紫色','210件'),(3,1,29.9,'尺码:S,颜色:黑色','210件'),(4,1,29.9,'尺码:S,颜色:粉色','210件'),(5,1,29.9,'尺码:S,颜色:褐色','210件'),(6,1,29.9,'尺码:L,颜色:红色','210件'),(7,1,29.9,'尺码:L,颜色:紫色','210件'),(8,1,29.9,'尺码:L,颜色:黑色','210件'),(9,1,29.9,'尺码:L,颜色:粉色','210件'),(10,1,29.9,'尺码:L,颜色:褐色','210件'),(11,2,429,'尺码:S,颜色:紫色','210件'),(12,2,429,'尺码:S,颜色:黑色','210件'),(13,2,429,'尺码:S,颜色:白色','210件'),(14,2,429,'尺码:S,颜色:青色','210件'),(15,2,429,'尺码:M,颜色:紫色','210件'),(16,2,429,'尺码:M,颜色:黑色','210件'),(17,2,429,'尺码:M,颜色:白色','210件'),(18,2,429,'尺码:M,颜色:青色','210件'),(19,3,449,'尺码:32A,颜色:黑色','210件'),(20,3,449,'尺码:34D,颜色:黑色','210件'),(21,3,449,'尺码:38A,颜色:黑色','210件'),(22,3,449,'尺码:38D,颜色:黑色','210件'),(23,4,79,'尺码:M,颜色:黑色','210件'),(24,4,79,'尺码:L,颜色:黑色','210件'),(25,5,329.9,'尺码:M,颜色:黑色','449件'),(26,5,329.9,'尺码:M,颜色:蓝色','449件'),(27,5,329.9,'尺码:M,颜色:粉色','449件'),(28,5,329.9,'尺码:L,颜色:黑色','449件'),(29,5,329.9,'尺码:L,颜色:蓝色','449件'),(30,5,329.9,'尺码:L,颜色:粉色','449件'),(31,6,69,'尺码:M,颜色:黑色','65064件'),(32,6,69,'尺码:L,颜色:黑色','65064件'),(33,6,69,'尺码:M,颜色:灰色','65064件'),(34,6,69,'尺码:L,颜色:灰色','65064件'),(35,7,80,'尺码:M,颜色:黑色','1072件'),(36,7,80,'尺码:L,颜色:黑色','1072件'),(37,8,28,'尺码:M,颜色:黑色','24248件'),(38,8,28,'尺码:M,颜色:灰色','24248件'),(39,8,28,'尺码:L,颜色:黑色','24248件'),(40,8,28,'尺码:L,颜色:灰色','24248件'),(41,9,58,'尺码:M码（收腹后腰围60cm-80cm）,颜色分类:普通加压款黑色','11514件'),(42,9,68,'尺码:M码（收腹后腰围60cm-80cm）,颜色分类:黑色牛皮加压10.5CM款','9663件'),(43,9,58,'尺码:L码（收腹后腰围80CM-95CM）,颜色分类:普通加压款黑色','11576件'),(44,9,68,'尺码:L码（收腹后腰围80CM-95CM）,颜色分类:黑色牛皮加压10.5CM款','9559件'),(45,10,20.1,'尺码:M：（膝盖围31-35cm）（适合体重70-115斤）,颜色分类:黑色一只（4面针织，防滑）','9286件'),(46,10,20.1,'尺码:M：（膝盖围31-35cm）（适合体重70-115斤）,颜色分类:蓝色一只（4面针织，防滑）','9878件'),(47,10,20.1,'尺码:L：（膝盖围36-40cm）（适合体重115-145斤）,颜色分类:黑色一只（4面针织，防滑）','8644件'),(48,10,20.1,'尺码:L：（膝盖围36-40cm）（适合体重115-145斤）,颜色分类:蓝色一只（4面针织，防滑）','9668件'),(49,11,46.8,'尺码:L手围20-21cm,适合手特大女士，手中等或偏大男士,颜色分类:升级爪痕防护腕带款（黑色）','7230件'),(50,11,46.8,'尺码:L手围20-21cm,适合手特大女士，手中等或偏大男士,颜色分类:升级爪痕防护腕带款（绿色）','9263件'),(51,11,46.8,'尺码:XL手围22-23cm,适合手特大男士,颜色分类:升级爪痕防护腕带款（黑色）','9266件'),(52,11,46.8,'尺码:XL手围22-23cm,适合手特大男士,颜色分类:升级爪痕防护腕带款（绿色）','9826件'),(53,12,69,'尺码:L【适合40-42】,颜色分类:H70加强防护款','155件'),(54,12,69,'尺码:XL【适合42-45】,颜色分类:H70加强防护款','186件'),(55,12,72.8,'尺码:L【适合40-42】,颜色分类:【全新升级】H70升级加强防护款','201件'),(56,12,72.8,'尺码:XL【适合42-45】,颜色分类:【全新升级】H70升级加强防护款','241件'),(57,13,28,'尺码:左臂（单只装）,颜色分类:均码（可调节加压护肘）','607件'),(58,13,28,'尺码:右臂（单只装）,颜色分类:均码（可调节加压护肘）','535件'),(59,13,32.5,'尺码:左臂（单只装）,颜色分类:升级6代轻薄材质全透气网孔','515件'),(60,13,32.5,'尺码:右臂（单只装）,颜色分类:升级6代轻薄材质全透气网孔','573件'),(61,14,45,'尺码:L(170斤以下选择),颜色分类:J10基础款【左肩膀】','170件'),(62,14,45,'尺码:L(170斤以下选择),颜色分类:J10基础款【右肩膀】','77件'),(63,14,45,'尺码:XL(170斤以上选择),颜色分类:J10基础款【左肩膀】','74件'),(64,14,45,'尺码:XL(170斤以上选择),颜色分类:J10基础款【右肩膀】','99件'),(65,15,79,'尺码:S(宽19cm，长100cm/适合腰围1尺5-2尺1),颜色分类:升级无痕款玫红色','43件'),(66,15,79,'尺码:S(宽19cm，长100cm/适合腰围1尺5-2尺1),颜色分类:升级无痕款柠檬黄','44件'),(67,15,79,'尺码:M（宽20cm，长105cm/适合腰围1尺7-2尺6）,颜色分类:升级无痕款玫红色','11件'),(68,15,79,'尺码:M（宽20cm，长105cm/适合腰围1尺7-2尺6）,颜色分类:升级无痕款柠檬黄','36件'),(69,16,15,'尺码:一只装【高弹力】,颜色分类:桔色','330件'),(70,16,15,'尺码:一只装【高弹力】,颜色分类:黑色','253件'),(71,16,15,'尺码:两只装【高弹力】,颜色分类:桔色','285件'),(72,16,15,'尺码:两只装【高弹力】,颜色分类:黑色','120件'),(73,17,3599,'颜色分类:全新黑橙色','202件'),(74,17,3899,'颜色分类:全新黑橙色【包安装】','205件'),(75,17,3599,'颜色分类:全新黑黄色','207件'),(76,17,3599,'颜色分类:升级黑黄色','199件'),(77,18,129.9,'颜色分类:特价款【1.4米运动大扶手】（拉绳+助力器+俯卧杆）','1427件'),(78,18,179.9,'颜色分类:1.4米训练级（拉绳+助力器+俯卧杆）送俯卧撑','1817件'),(79,18,169.9,'颜色分类:【1.4米运动大扶手】（拉绳+助力器+俯卧杆）','1436件'),(80,18,159.9,'颜色分类:1.4米运动版【经典透气型】（拉绳+助力器+俯卧杆）','1532件'),(81,19,799,'颜色分类:清仓版-珍珠白-无座','4973件'),(82,19,849,'颜色分类:基础版-魔法灰-无座-智能APP','9239件'),(83,19,1149,'颜色分类:豪华版-魔法灰-无座-智能APP-测心率-显示屏','9900件'),(84,19,1249,'颜色分类:旗舰版-珍珠白-有座-智能APP-测心率-显示屏','9909件'),(85,20,17,'颜色分类:防滑防弯曲】豪华款红黑60-100【透气加厚胶垫】','1962件'),(86,20,33,'颜色分类:加固安全豪华款】红黑60-100【九角防滑透气防汗】','3150件'),(87,20,82,'颜色分类:【组合套餐】齿扣双加固黑红83-130cm+40kg臂力器','466件'),(88,20,48,'颜色分类:齿扣双加固新款【蓝黑83-130【九角防滑透气防汗】','8998件'),(89,21,4999,'颜色分类:红色【ZJET减震430mm跑宽+钻石纹跑台+蓝牙app','545件'),(90,21,4999,'颜色分类:黑色【ZJET减震430mm跑宽+钻石纹跑台+蓝牙app','624件'),(91,22,1580,'颜色分类:珍珠白免安装','136件'),(92,22,1580,'颜色分类:夜鹰黑免安装','1件'),(93,22,1680,'颜色分类:T8Plus【白色扶手升级款】','49件'),(94,23,2349,'颜色分类:10.1寸WiFi显示屏多功能','545件'),(95,23,2149,'颜色分类:10.1寸WiFi显示屏单功能','2701件'),(96,23,1599,'颜色分类:旗舰版单功能奔驰六级减震系统','827件'),(97,24,869,'颜色分类:李宁筋膜枪【送5个按摩头】','371件'),(98,24,1799,'颜色分类:李宁筋膜枪4个按摩头','312件'),(99,25,29.6,'口味:限量促销【2斤整箱20包40片】（20天健身推荐）','3646件'),(100,25,53.2,'口味:限量促销【4斤2箱40包80片】（40天健身推荐）','6555件'),(101,26,69.9,'','47643件'),(102,27,1386,'','2416件'),(103,28,2075,'','87件'),(104,29,329.9,'','449件'),(105,30,69.9,'','65064件'),(106,31,489,'口味:黑魔60粒（咨询客服赠品升级熊猫cla60粒/需加购拍下）','1072件'),(107,32,45,'口味:高纤原味燕麦','24248件'),(108,33,239,'尺码:39,颜色分类:【A款】-深藏青/荧光绿/火花红【热卖推荐】','17件'),(109,33,239,'尺码:39,颜色分类:【A款】-黑/安踏白【热卖推荐】','119件'),(110,33,239,'尺码:39,颜色分类:【A款】-安踏白/淡灰','15件'),(111,33,239,'尺码:40,颜色分类:【A款】-深藏青/荧光绿/火花红【热卖推荐】','44件'),(112,33,239,'尺码:40,颜色分类:【A款】-黑/安踏白【热卖推荐】','169件'),(113,33,239,'尺码:40,颜色分类:【A款】-安踏白/淡灰','21件'),(114,33,239,'尺码:40.5,颜色分类:【A款】-深藏青/荧光绿/火花红【热卖推荐】','87件'),(115,33,239,'尺码:40.5,颜色分类:【A款】-黑/安踏白【热卖推荐】','108件'),(116,33,239,'尺码:40.5,颜色分类:【A款】-安踏白/淡灰','10件'),(117,33,239,'尺码:41,颜色分类:【A款】-深藏青/荧光绿/火花红【热卖推荐】','134件'),(118,33,239,'尺码:41,颜色分类:【A款】-黑/安踏白【热卖推荐】','225件'),(119,33,239,'尺码:41,颜色分类:【A款】-安踏白/淡灰','0件'),(120,33,239,'尺码:42,颜色分类:【A款】-深藏青/荧光绿/火花红【热卖推荐】','133件'),(121,33,239,'尺码:42,颜色分类:【A款】-黑/安踏白【热卖推荐】','233件'),(122,33,239,'尺码:42,颜色分类:【A款】-安踏白/淡灰','6件'),(123,33,239,'尺码:42.5,颜色分类:【A款】-深藏青/荧光绿/火花红【热卖推荐】','29件'),(124,33,239,'尺码:42.5,颜色分类:【A款】-黑/安踏白【热卖推荐】','38件'),(125,33,239,'尺码:42.5,颜色分类:【A款】-安踏白/淡灰','3件'),(126,33,239,'尺码:43,颜色分类:【A款】-深藏青/荧光绿/火花红【热卖推荐】','94件'),(127,33,239,'尺码:43,颜色分类:【A款】-黑/安踏白【热卖推荐】','104件'),(128,33,239,'尺码:43,颜色分类:【A款】-安踏白/淡灰','12件'),(129,33,239,'尺码:44.5,颜色分类:【A款】-深藏青/荧光绿/火花红【热卖推荐】','22件'),(130,33,239,'尺码:44.5,颜色分类:【A款】-黑/安踏白【热卖推荐】','10件'),(131,33,239,'尺码:44.5,颜色分类:【A款】-安踏白/淡灰','27件'),(132,34,239,'尺码:39,颜色分类:黑/燕麦灰-1','307件'),(133,34,239,'尺码:39,颜色分类:二度灰/金属金/象牙白','116件'),(134,34,239,'尺码:39,颜色分类:黑/大学红/象牙白-5','71件'),(135,34,239,'尺码:40,颜色分类:黑/燕麦灰-1','983件'),(136,34,239,'尺码:40,颜色分类:二度灰/金属金/象牙白','252件'),(137,34,239,'尺码:40,颜色分类:黑/大学红/象牙白-5','117件'),(138,34,239,'尺码:40.5,颜色分类:黑/燕麦灰-1','46件'),(139,34,239,'尺码:40.5,颜色分类:二度灰/金属金/象牙白','77件'),(140,34,239,'尺码:40.5,颜色分类:黑/大学红/象牙白-5','36件'),(141,34,239,'尺码:41,颜色分类:黑/燕麦灰-1','1496件'),(142,34,239,'尺码:41,颜色分类:二度灰/金属金/象牙白','461件'),(143,34,239,'尺码:41,颜色分类:黑/大学红/象牙白-5','198件'),(144,34,239,'尺码:42,颜色分类:黑/燕麦灰-1','1411件'),(145,34,239,'尺码:42,颜色分类:二度灰/金属金/象牙白','428件'),(146,34,239,'尺码:42,颜色分类:黑/大学红/象牙白-5','175件'),(147,34,239,'尺码:42.5,颜色分类:黑/燕麦灰-1','40件'),(148,34,239,'尺码:42.5,颜色分类:二度灰/金属金/象牙白','77件'),(149,34,239,'尺码:42.5,颜色分类:黑/大学红/象牙白-5','32件'),(150,34,239,'尺码:43,颜色分类:黑/燕麦灰-1','985件'),(151,34,239,'尺码:43,颜色分类:二度灰/金属金/象牙白','200件'),(152,34,239,'尺码:43,颜色分类:黑/大学红/象牙白-5','88件'),(153,34,239,'尺码:44.5,颜色分类:黑/燕麦灰-1','370件'),(154,34,239,'尺码:44.5,颜色分类:二度灰/金属金/象牙白','74件'),(155,34,239,'尺码:44.5,颜色分类:黑/大学红/象牙白-5','37件'),(156,35,1199,'尺码:40,颜色分类:100灰色','6件'),(157,35,1199,'尺码:40,颜色分类:002黑色','0件'),(158,35,1199,'尺码:41,颜色分类:100灰色','7件'),(159,35,1199,'尺码:41,颜色分类:002黑色','0件'),(160,35,1199,'尺码:42,颜色分类:100灰色','50件'),(161,35,1199,'尺码:42,颜色分类:002黑色','0件'),(162,35,1199,'尺码:42.5,颜色分类:100灰色','50件'),(163,35,1199,'尺码:42.5,颜色分类:002黑色','0件'),(164,35,1199,'尺码:43,颜色分类:100灰色','59件'),(165,35,1199,'尺码:43,颜色分类:002黑色','36件'),(166,35,1199,'尺码:44.5,颜色分类:100灰色','0件'),(167,35,1199,'尺码:44.5,颜色分类:002黑色','24件'),(168,36,780,'尺码:39,颜色分类:集团白-WT','43件'),(169,36,780,'尺码:39,颜色分类:藕荷色/集团白-WV','18件'),(170,36,780,'尺码:40,颜色分类:集团白-WT','104件'),(171,36,780,'尺码:40,颜色分类:藕荷色/集团白-WV','33件'),(172,36,780,'尺码:40.5,颜色分类:集团白-WT','76件'),(173,36,780,'尺码:40.5,颜色分类:藕荷色/集团白-WV','28件'),(174,36,780,'尺码:41,颜色分类:集团白-WT','195件'),(175,36,780,'尺码:41,颜色分类:藕荷色/集团白-WV','58件'),(176,36,780,'尺码:42,颜色分类:集团白-WT','195件'),(177,36,780,'尺码:42,颜色分类:藕荷色/集团白-WV','59件'),(178,36,780,'尺码:42.5,颜色分类:集团白-WT','81件'),(179,36,780,'尺码:42.5,颜色分类:藕荷色/集团白-WV','23件'),(180,36,780,'尺码:43,颜色分类:集团白-WT','78件'),(181,36,780,'尺码:43,颜色分类:藕荷色/集团白-WV','27件'),(182,36,780,'尺码:44.5,颜色分类:集团白-WT','0件'),(183,36,780,'尺码:44.5,颜色分类:藕荷色/集团白-WV','5件'),(184,37,1299,'尺码:39,颜色分类:DV6225-白色/蓝色','7件'),(185,37,1299,'尺码:40,颜色分类:DV6225-白色/蓝色','5件'),(186,37,1299,'尺码:40.5,颜色分类:DV6225-白色/蓝色','3件'),(187,37,1299,'尺码:41,颜色分类:DV6225-白色/蓝色','11件'),(188,37,1299,'尺码:42,颜色分类:DV6225-白色/蓝色','4件'),(189,37,1299,'尺码:42.5,颜色分类:DV6225-白色/蓝色','7件'),(190,37,1299,'尺码:43,颜色分类:DV6225-白色/蓝色','7件'),(191,38,899,'尺码:39,颜色分类:FU6828-黑色/橘色','76件'),(192,38,899,'尺码:39,颜色分类:DV6359-中麻灰','9件'),(193,38,899,'尺码:40,颜色分类:FU6828-黑色/橘色','90件'),(194,38,899,'尺码:40,颜色分类:DV6359-中麻灰','9件'),(195,38,899,'尺码:40.5,颜色分类:FU6828-黑色/橘色','102件'),(196,38,899,'尺码:40.5,颜色分类:DV6359-中麻灰','9件'),(197,38,899,'尺码:41,颜色分类:FU6828-黑色/橘色','169件'),(198,38,899,'尺码:41,颜色分类:DV6359-中麻灰','9件'),(199,38,899,'尺码:42,颜色分类:FU6828-黑色/橘色','175件'),(200,38,899,'尺码:42,颜色分类:DV6359-中麻灰','14件'),(201,38,899,'尺码:42.5,颜色分类:FU6828-黑色/橘色','170件'),(202,38,899,'尺码:42.5,颜色分类:DV6359-中麻灰','12件'),(203,38,899,'尺码:43,颜色分类:FU6828-黑色/橘色','171件'),(204,38,899,'尺码:43,颜色分类:DV6359-中麻灰','21件'),(205,39,780,'尺码:39,颜色分类:黑色-BK','0件'),(206,39,780,'尺码:39,颜色分类:集团白-WT','7件'),(207,39,780,'尺码:40,颜色分类:黑色-BK','22件'),(208,39,780,'尺码:40,颜色分类:集团白-WT','39件'),(209,39,780,'尺码:40.5,颜色分类:黑色-BK','37件'),(210,39,780,'尺码:40.5,颜色分类:集团白-WT','37件'),(211,39,780,'尺码:41,颜色分类:黑色-BK','102件'),(212,39,780,'尺码:41,颜色分类:集团白-WT','87件'),(213,39,780,'尺码:42,颜色分类:黑色-BK','124件'),(214,39,780,'尺码:42,颜色分类:集团白-WT','85件'),(215,39,780,'尺码:42.5,颜色分类:黑色-BK','66件'),(216,39,780,'尺码:42.5,颜色分类:集团白-WT','30件'),(217,39,780,'尺码:43,颜色分类:黑色-BK','32件'),(218,39,780,'尺码:43,颜色分类:集团白-WT','39件'),(219,39,780,'尺码:44.5,颜色分类:黑色-BK','6件'),(220,39,780,'尺码:44.5,颜色分类:集团白-WT','1件'),(221,40,369,'尺码:39,颜色分类:黑/夏威夷蓝/雾灰','141件'),(222,40,369,'尺码:39,颜色分类:黑/中灰/安踏白','72件'),(223,40,369,'尺码:40,颜色分类:黑/夏威夷蓝/雾灰','126件'),(224,40,369,'尺码:40,颜色分类:黑/中灰/安踏白','109件'),(225,40,369,'尺码:40.5,颜色分类:黑/夏威夷蓝/雾灰','126件'),(226,40,369,'尺码:40.5,颜色分类:黑/中灰/安踏白','66件'),(227,40,369,'尺码:41,颜色分类:黑/夏威夷蓝/雾灰','197件'),(228,40,369,'尺码:41,颜色分类:黑/中灰/安踏白','133件'),(229,40,369,'尺码:42,颜色分类:黑/夏威夷蓝/雾灰','190件'),(230,40,369,'尺码:42,颜色分类:黑/中灰/安踏白','129件'),(231,40,369,'尺码:42.5,颜色分类:黑/夏威夷蓝/雾灰','90件'),(232,40,369,'尺码:42.5,颜色分类:黑/中灰/安踏白','53件'),(233,40,369,'尺码:43,颜色分类:黑/夏威夷蓝/雾灰','117件'),(234,40,369,'尺码:43,颜色分类:黑/中灰/安踏白','67件'),(235,40,369,'尺码:44.5,颜色分类:黑/夏威夷蓝/雾灰','43件'),(236,40,369,'尺码:44.5,颜色分类:黑/中灰/安踏白','33件');

/*Table structure for table `ego_product_comment` */

DROP TABLE IF EXISTS `ego_product_comment`;

CREATE TABLE `ego_product_comment` (
  `uid` int(11) DEFAULT NULL,
  `fid` int(11) DEFAULT NULL,
  `comment` varchar(1024) DEFAULT NULL,
  `time` bigint(20) DEFAULT NULL,
  KEY `uid` (`uid`),
  KEY `fid` (`fid`),
  CONSTRAINT `ego_product_comment_ibfk_1` FOREIGN KEY (`uid`) REFERENCES `ego_user` (`uid`),
  CONSTRAINT `ego_product_comment_ibfk_2` FOREIGN KEY (`fid`) REFERENCES `ego_family` (`fid`)
) ENGINE=InnoDB DEFAULT CHARSET=utf8;

/*Data for the table `ego_product_comment` */

/*Table structure for table `ego_user` */

DROP TABLE IF EXISTS `ego_user`;

CREATE TABLE `ego_user` (
  `uid` int(11) NOT NULL AUTO_INCREMENT,
  `nickname` varchar(128) DEFAULT NULL,
  `upassword` varchar(128) DEFAULT NULL,
  `time` bigint(20) DEFAULT NULL,
  `email` varchar(60) DEFAULT NULL,
  `phone` varchar(30) DEFAULT NULL,
  `uname` varchar(128) DEFAULT NULL,
  `gender` int(11) DEFAULT NULL,
  PRIMARY KEY (`uid`)
) ENGINE=InnoDB AUTO_INCREMENT=3 DEFAULT CHARSET=utf8;

/*Data for the table `ego_user` */

insert  into `ego_user`(`uid`,`nickname`,`upassword`,`time`,`email`,`phone`,`uname`,`gender`) values (1,'root','root',NULL,NULL,NULL,NULL,NULL),(2,'abcdef','123456',NULL,'123@qq.com','','',1);

/*Table structure for table `ego_user_address` */

DROP TABLE IF EXISTS `ego_user_address`;

CREATE TABLE `ego_user_address` (
  `aid` int(11) NOT NULL AUTO_INCREMENT,
  `uid` int(11) DEFAULT NULL,
  `receiver` varchar(128) DEFAULT NULL,
  `phone` varchar(30) DEFAULT NULL,
  `province` varchar(60) DEFAULT NULL,
  `city` varchar(60) DEFAULT NULL,
  `county` varchar(60) DEFAULT NULL,
  `address` varchar(25) DEFAULT NULL,
  `postcode` varchar(30) DEFAULT NULL,
  `is_default` int(11) DEFAULT NULL,
  PRIMARY KEY (`aid`),
  KEY `uid` (`uid`),
  CONSTRAINT `ego_user_address_ibfk_1` FOREIGN KEY (`uid`) REFERENCES `ego_user` (`uid`)
) ENGINE=InnoDB AUTO_INCREMENT=3 DEFAULT CHARSET=utf8;

/*Data for the table `ego_user_address` */

insert  into `ego_user_address`(`aid`,`uid`,`receiver`,`phone`,`province`,`city`,`county`,`address`,`postcode`,`is_default`) values (1,2,'12','13751337929','','','广东','东莞市东莞市万达广场(厚街店)','523953',0),(2,2,'严厉','13751337929','广东','广东','广东','东莞市东莞市万达广场(厚街店)','523953',1);

/*Table structure for table `ego_user_order` */

DROP TABLE IF EXISTS `ego_user_order`;

CREATE TABLE `ego_user_order` (
  `oid` int(11) NOT NULL AUTO_INCREMENT,
  `uid` int(11) DEFAULT NULL,
  `aid` int(11) DEFAULT NULL,
  `status` int(11) DEFAULT NULL,
  `order_time` bigint(20) DEFAULT NULL,
  `pay_time` bigint(20) DEFAULT NULL,
  `deliever_time` bigint(20) DEFAULT NULL,
  `received_time` bigint(20) DEFAULT NULL,
  PRIMARY KEY (`oid`),
  KEY `uid` (`uid`),
  KEY `aid` (`aid`),
  CONSTRAINT `ego_user_order_ibfk_1` FOREIGN KEY (`uid`) REFERENCES `ego_user` (`uid`),
  CONSTRAINT `ego_user_order_ibfk_2` FOREIGN KEY (`aid`) REFERENCES `ego_user_address` (`aid`)
) ENGINE=InnoDB AUTO_INCREMENT=98 DEFAULT CHARSET=utf8;

/*Data for the table `ego_user_order` */

insert  into `ego_user_order`(`oid`,`uid`,`aid`,`status`,`order_time`,`pay_time`,`deliever_time`,`received_time`) values (1,2,1,0,1608550022895,NULL,NULL,NULL),(2,2,1,0,1608550024664,NULL,NULL,NULL),(3,2,1,0,1608550027079,NULL,NULL,NULL),(4,2,1,0,1608550037175,NULL,NULL,NULL),(5,2,1,0,1608550058606,NULL,NULL,NULL),(6,2,1,0,1608550059895,NULL,NULL,NULL),(7,2,1,0,1608550060039,NULL,NULL,NULL),(8,2,1,0,1609241869501,NULL,NULL,NULL),(9,2,1,0,1609295129023,NULL,NULL,NULL),(10,2,1,0,1609330179231,NULL,NULL,NULL),(11,2,1,0,1609330180733,NULL,NULL,NULL),(12,2,1,0,1609330189750,NULL,NULL,NULL),(13,2,1,0,1609330195605,NULL,NULL,NULL),(14,2,1,0,1609330195797,NULL,NULL,NULL),(15,2,1,0,1609330195965,NULL,NULL,NULL),(16,2,1,0,1609330196125,NULL,NULL,NULL),(17,2,1,0,1609330196293,NULL,NULL,NULL),(18,2,1,0,1609330197341,NULL,NULL,NULL),(19,2,1,0,1609330433923,NULL,NULL,NULL),(20,2,1,0,1609330435764,NULL,NULL,NULL),(21,2,1,0,1609330562700,NULL,NULL,NULL),(22,2,1,0,1609330564413,NULL,NULL,NULL),(23,2,1,0,1609330564589,NULL,NULL,NULL),(24,2,1,0,1609330564774,NULL,NULL,NULL),(25,2,1,0,1609330564942,NULL,NULL,NULL),(26,2,1,0,1609330565149,NULL,NULL,NULL),(27,2,1,0,1609330567613,NULL,NULL,NULL),(28,2,1,0,1609330724189,NULL,NULL,NULL),(29,2,1,0,1609330725525,NULL,NULL,NULL),(30,2,1,0,1609330823420,NULL,NULL,NULL),(31,2,1,0,1609330906092,NULL,NULL,NULL),(32,2,1,0,1609330936460,NULL,NULL,NULL),(33,2,1,0,1609330937508,NULL,NULL,NULL),(34,2,1,0,1609330938275,NULL,NULL,NULL),(35,2,1,0,1609330941556,NULL,NULL,NULL),(36,2,1,0,1609331052253,NULL,NULL,NULL),(37,2,1,0,1609331053012,NULL,NULL,NULL),(38,2,1,0,1609331054076,NULL,NULL,NULL),(39,2,1,0,1609331054685,NULL,NULL,NULL),(40,2,1,0,1609331055293,NULL,NULL,NULL),(41,2,1,0,1609331055900,NULL,NULL,NULL),(42,2,1,0,1609331056452,NULL,NULL,NULL),(43,2,1,0,1609331056970,NULL,NULL,NULL),(44,2,1,0,1609331057539,NULL,NULL,NULL),(45,2,1,0,1609331058099,NULL,NULL,NULL),(46,2,1,0,1609331058668,NULL,NULL,NULL),(47,2,1,0,1609331059203,NULL,NULL,NULL),(48,2,1,0,1609331083588,NULL,NULL,NULL),(49,2,1,0,1609331084396,NULL,NULL,NULL),(50,2,1,0,1609331085028,NULL,NULL,NULL),(51,2,1,0,1609331085619,NULL,NULL,NULL),(52,2,1,0,1609331155492,NULL,NULL,NULL),(53,2,1,0,1609331156364,NULL,NULL,NULL),(54,2,1,0,1609331156995,NULL,NULL,NULL),(55,2,1,0,1609331170876,NULL,NULL,NULL),(56,2,1,0,1609331171645,NULL,NULL,NULL),(57,2,1,0,1609331172236,NULL,NULL,NULL),(58,2,1,0,1609331172702,NULL,NULL,NULL),(59,2,1,0,1609331173788,NULL,NULL,NULL),(60,2,1,0,1609331195525,NULL,NULL,NULL),(61,2,1,0,1609331249366,NULL,NULL,NULL),(62,2,1,0,1609331249804,NULL,NULL,NULL),(63,2,1,0,1609331250404,NULL,NULL,NULL),(64,2,1,0,1609331252100,NULL,NULL,NULL),(65,2,1,0,1609331252285,NULL,NULL,NULL),(66,2,1,0,1609331252501,NULL,NULL,NULL),(67,2,1,0,1609331253611,NULL,NULL,NULL),(68,2,1,0,1609331254236,NULL,NULL,NULL),(69,2,1,0,1609331261411,NULL,NULL,NULL),(70,2,1,0,1609331262827,NULL,NULL,NULL),(71,2,1,0,1609331263803,NULL,NULL,NULL),(72,2,1,0,1609331272086,NULL,NULL,NULL),(73,2,1,0,1609331272700,NULL,NULL,NULL),(74,2,1,0,1609331272851,NULL,NULL,NULL),(75,2,1,0,1609331273012,NULL,NULL,NULL),(76,2,1,0,1609331282778,NULL,NULL,NULL),(77,2,1,0,1609331333917,NULL,NULL,NULL),(78,2,1,0,1609331379446,NULL,NULL,NULL),(79,2,1,0,1609331380995,NULL,NULL,NULL),(80,2,1,0,1609331383154,NULL,NULL,NULL),(81,2,1,0,1609331395380,NULL,NULL,NULL),(82,2,1,0,1609331396643,NULL,NULL,NULL),(83,2,1,0,1609331396818,NULL,NULL,NULL),(84,2,1,0,1609331396971,NULL,NULL,NULL),(85,2,1,0,1609331397147,NULL,NULL,NULL),(86,2,1,0,1609331432916,NULL,NULL,NULL),(87,2,1,0,1609331449027,NULL,NULL,NULL),(88,2,1,0,1609331449539,NULL,NULL,NULL),(89,2,1,0,1609331449717,NULL,NULL,NULL),(90,2,1,0,1609331449883,NULL,NULL,NULL),(91,2,1,0,1609331469668,NULL,NULL,NULL),(92,2,1,0,1609331470244,NULL,NULL,NULL),(93,2,1,0,1609331470402,NULL,NULL,NULL),(94,2,1,0,1609331917798,NULL,NULL,NULL),(95,2,1,0,1609332622065,NULL,NULL,NULL),(97,2,1,3,1609332711459,NULL,NULL,NULL);

/*Table structure for table `ego_user_order_details` */

DROP TABLE IF EXISTS `ego_user_order_details`;

CREATE TABLE `ego_user_order_details` (
  `did` int(11) NOT NULL AUTO_INCREMENT,
  `oid` int(11) DEFAULT NULL,
  `pid` int(11) DEFAULT NULL,
  `count` int(11) DEFAULT NULL,
  PRIMARY KEY (`did`),
  KEY `oid` (`oid`),
  KEY `pid` (`pid`),
  CONSTRAINT `ego_user_order_details_ibfk_1` FOREIGN KEY (`oid`) REFERENCES `ego_user_order` (`oid`),
  CONSTRAINT `ego_user_order_details_ibfk_2` FOREIGN KEY (`pid`) REFERENCES `ego_product` (`pid`)
) ENGINE=InnoDB AUTO_INCREMENT=4 DEFAULT CHARSET=utf8;

/*Data for the table `ego_user_order_details` */

insert  into `ego_user_order_details`(`did`,`oid`,`pid`,`count`) values (1,95,158,1),(3,97,158,1);

/*Table structure for table `ego_user_shopping_cart` */

DROP TABLE IF EXISTS `ego_user_shopping_cart`;

CREATE TABLE `ego_user_shopping_cart` (
  `cid` int(11) NOT NULL AUTO_INCREMENT,
  `uid` int(11) DEFAULT NULL,
  `pid` int(11) DEFAULT NULL,
  `count` int(11) DEFAULT NULL,
  PRIMARY KEY (`cid`),
  KEY `uid` (`uid`),
  KEY `pid` (`pid`),
  CONSTRAINT `ego_user_shopping_cart_ibfk_1` FOREIGN KEY (`uid`) REFERENCES `ego_user` (`uid`),
  CONSTRAINT `ego_user_shopping_cart_ibfk_2` FOREIGN KEY (`pid`) REFERENCES `ego_product` (`pid`)
) ENGINE=InnoDB DEFAULT CHARSET=utf8;

/*Data for the table `ego_user_shopping_cart` */

/*!40101 SET SQL_MODE=@OLD_SQL_MODE */;
/*!40014 SET FOREIGN_KEY_CHECKS=@OLD_FOREIGN_KEY_CHECKS */;
/*!40014 SET UNIQUE_CHECKS=@OLD_UNIQUE_CHECKS */;
/*!40111 SET SQL_NOTES=@OLD_SQL_NOTES */;
